NDVI01,NDVI02,NDVI03,NDVI04,NDVI05,NDVI06,NDVI07,NDVI08,NDVI09,NDVI10,NDVI11,NDVI12
0.098886264,0.103671706,0.238721805,0.478473581,0.429209469,0.281007034,0.60566706,0.291368262,0.133020344,0.779261423,0.818018826,0.721222269
0.118790497,0.147110333,0.218348624,0.652876843,0.513882956,0.039529566,0.702402584,0.646028768,0.162462159,0.204208885,0.363849765,0.155452436
0.181039755,0.146680942,0.227817746,0.528601695,0.41330919,0.041322314,0.671361502,0.679732314,0.602895553,0.199579095,0.373931624,0.143989432
0.22,0.143859649,0.19772404,0.67618198,0.534545455,0.054701466,0.706315382,0.636899747,0.216294859,0.216854341,0.239008264,0.171939477
0.113367174,0.139414802,0.411447084,0.637249594,0.466727857,0.045908184,0.691221879,0.654270904,0.589966233,0.208658009,0.21105142,0.161702128
0.14325452,0.143024619,0.38021978,0.644178171,0.491402715,0.049146758,0.703306524,0.664745011,0.568914286,0.210563883,0.312302839,0.169649248
0.087388282,0.138028169,0.366205652,0.684104628,0.493727599,0.05838425,0.703518729,0.674583796,0.562322015,0.190301249,0.268189509,0.150956768
0.171707317,0.156021898,0.264172773,0.538724861,0.481873727,0.043109079,0.675,0.693076374,0.709641256,0.696209436,0.593882753,0.454765507
0.143168803,0.15359116,0.339330335,0.68719923,0.507284768,0.073482428,0.712975699,0.655363322,0.521816563,0.198504673,0.341349884,0.139554088
0.136294953,0.138390272,0.354629128,0.675858732,0.492564218,0.087746424,0.708342963,0.659574468,0.552210724,0.190148497,0.264391238,0.149333333
0.130434783,0.126292467,0.292015634,0.636667462,0.480251346,0.212616822,0.665081352,0.748926014,0.679511028,0.235772358,0.207048458,0.242669994
0.124716553,0.14665304,0.280973451,0.607207207,0.468485419,0.195809831,0.689829286,0.758878956,0.68787328,0.209439528,0.261538462,0.220012055
0.162137405,0.176145776,0.399565689,0.723193596,0.565002064,0.216547789,0.671221532,0.544050104,0.151552795,0.310206805,0.699672131,0.685110425
0.19524618,0.151955307,0.384368308,0.717676982,0.567961165,0.240381834,0.672979027,0.534591195,0.118908382,0.296060991,0.636931621,0.663580247
0.139784946,0.121166415,0.285238624,0.669238187,0.524357839,0.253918495,0.716972682,0.74137931,0.667686035,0.182338512,0.249240122,0.220657277
0.131204309,0.12522171,0.27661597,0.679928476,0.52617801,0.211912944,0.712719799,0.755742552,0.685080021,0.247269116,0.31824611,0.221719457
0.185562633,0.15571344,0.451713396,0.689320388,0.537731781,0.289845758,0.639260676,0.530201342,0.121040724,0.775224775,0.822135162,0.268266667
0.16627451,0.126993503,0.407777778,0.641912513,0.516216216,0.221801224,0.705642257,0.719745223,0.656887121,0.259767687,0.716296088,0.694050992
0.096187478,0.100516944,0.380652547,0.628361858,0.522960321,0.226587888,0.712956502,0.731069298,0.631043257,0.209056604,0.568869673,0.671931956
0.202878992,0.146141215,0.432017544,0.738777168,0.585085284,0.326739427,0.670813787,0.516536965,0.078252033,0.393520518,0.658564484,0.629491367
0.171580474,0.13593836,0.412765957,0.675815154,0.552149851,0.209455745,0.677316294,0.602651934,0.164310954,0.618329142,0.835445757,0.76179395
0.09502924,0.112903226,0.313400961,0.692446043,0.52537961,0.249384236,0.677145285,0.610045662,0.04852459,0.234459634,0.661854525,0.664283954
0.212139981,0.147242752,0.38752784,0.728769497,0.55898291,0.315019622,0.667959975,0.555803074,0.057331304,0.22593801,0.541418158,0.619612069
0.354736425,0.174878181,0.309660574,0.684831971,0.547709121,0.246689252,0.654283874,0.572286374,0.064442264,0.362241494,0.703318903,0.605241605
0.106687898,0.147560259,0.464521235,0.720035778,0.573951905,0.294117647,0.693131133,0.646276596,0.086378738,0.454618798,0.822772749,0.738506392
0.115888478,0.170797657,0.404580153,0.723100362,0.58278909,0.210336205,0.598909834,0.685297419,0.825011246,0.802238047,0.726268207,0.512605042
0.261032864,0.130580357,0.481586402,0.7115018,0.58251634,0.248349124,0.7,0.64428837,0.214797136,0.159053385,0.195737521,0.312941176
0.118066561,0.109302326,0.151310861,0.329554656,0.338317757,0.173959445,0.314648334,0.349620337,0.590950226,0.748582231,0.711006474,0.533217793
0.157857143,0.107114309,0.230392157,0.498185588,0.393196203,0.240498243,0.385740402,0.694145063,0.873841555,0.80968661,0.772491113,0.649973643
0.169451074,0.135538954,0.376494024,0.703585293,0.56400507,0.161493951,0.690007121,0.690823424,0.185824013,0.221912721,0.49038755,0.678456592
0.228024369,0.126014062,0.405594406,0.654406662,0.499794998,0.168586387,0.628488932,0.602038217,0.213491209,0.594412572,0.796140524,0.555166375
0.145085803,0.153017241,0.42408377,0.674271516,0.533418476,0.249173827,0.64815679,0.631479736,0.181359454,0.374292643,0.667286739,0.618871415
0.17794836,0.123013537,0.317100166,0.655403786,0.497536946,0.22320663,0.637347767,0.268195414,0.185061315,0.696113074,0.820680333,0.484057971
0.193523516,0.097759674,0.358713137,0.611518916,0.470699433,0.270559462,0.657587549,0.289215686,0.18375,0.6,0.836956522,0.760035485
0.164629763,0.090707965,0.303047729,0.717750366,0.542435424,0.239885314,0.676607831,0.260283688,0.130142737,0.510729614,0.781615599,0.645833333
0.077377437,0.092505855,0.328334226,0.673076923,0.517301038,0.207186974,0.608846487,0.235767128,0.261157025,0.686567164,0.810450124,0.389671362
0.18377425,0.099821747,0.239050132,0.697017579,0.547805643,0.229126214,0.672190058,0.575153027,0.153333333,0.51993865,0.746361746,0.683772538
0.139105749,0.123464014,0.386705483,0.679912184,0.528143713,0.140118667,0.622371913,0.364110799,0.157790275,0.207719298,0.265663283,0.174484053
0.105488517,0.097949886,0.132680321,0.34,0.381850854,0.159757576,0.601551139,0.58953168,0.563020833,0.16607565,0.288682171,0.19778002
0.073684211,0.172375691,0.520220588,0.667530225,0.474034067,0.064516129,0.658009557,0.417380661,0.107379135,0.495920996,0.816933638,0.659604856
0.080847384,0.13552705,0.417355372,0.705543237,0.511520737,0.087516659,0.614990138,0.444401693,0.079981507,0.166899516,0.593019427,0.636870094
0.161430119,0.134275618,0.336198663,0.704076958,0.495860927,0.073129252,0.61789601,0.458949097,0.076023392,0.235459662,0.776175081,0.747423722
0.170954831,0.121034078,0.379876797,0.689418232,0.496480331,0.059669911,0.615321923,0.485930281,0.065484983,0.436190476,0.836709638,0.760236075
0.203280609,0.167657551,0.412002017,0.678563098,0.490277203,0.070435173,0.613098848,0.477537438,0.124195943,0.572294372,0.819682816,0.709500131
0.221628045,0.181027668,0.166666667,0.217986315,0.186046512,0.094536817,0.653798257,0.782373215,0.844296922,0.83363472,0.819388481,0.607298362
0.153540702,0.077830189,0.134139321,0.484379562,0.391696751,0.047014925,0.713783249,0.735281478,0.654567023,0.153003847,0.368303571,0.480662983
0.209733488,0.331054131,0.501945525,0.553670947,0.193385393,0.016615385,0.635201573,0.823391264,0.866666667,0.695923832,0.618746042,0.439243028
0.138686131,0.175423729,0.186314922,0.426032874,0.393964111,0.44388271,0.625107481,0.729456384,0.71063104,0.636036036,0.646918013,0.445744681
0.383392226,0.276578073,0.272941176,0.616532721,0.367863894,0.327774883,0.202161189,0.683044316,0.875,0.859971423,0.648157248,0.21900161
0.097014925,0.153056671,0.277215702,0.625629659,0.54271034,0.433432582,0.726141079,0.73162779,0.766473988,0.735443038,0.721863799,0.621087315
0.142669297,0.13410953,0.212765957,0.385509492,0.425699928,0.393115942,0.680250784,0.797687861,0.860039989,0.695852535,0.737410072,0.621621622
0.169836066,0.199082569,0.270434783,0.404032258,0.420375138,0.406380028,0.624749611,0.691318328,0.722052705,0.711701526,0.696868009,0.574137093
0.190703218,0.51076524,0.607164179,0.259691538,0.233297606,0.33785092,0.643713183,0.777488049,0.802731411,0.643047416,0.338482508,0.177470776
0.139862069,0.132735426,0.247191011,0.687985655,0.586051017,0.345838218,0.670091103,0.29585383,0.537657815,0.824175824,0.841853035,0.679816747
0.653297683,0.194686212,0.281893004,0.6244796,0.546738399,0.296047726,0.634945398,0.280334728,0.499313501,0.798295455,0.867417456,0.717246484
0.085258295,0.081385979,0.124173402,0.184339315,0.196385542,0.239329268,0.205765408,0.427926233,0.75862069,0.816728167,0.738625363,0.206069506
0.138133725,0.12493778,0.250682687,0.671148856,0.550668392,0.43928704,0.684622919,0.771058315,0.752962625,0.241656366,0.219808307,0.220790021
0.428750785,0.598802395,0.654953525,0.70618214,0.524590164,0.30316181,0.6611267,0.868613139,0.935468565,0.88065725,0.824980111,0.612468408
0.192195932,0.299219428,0.226497808,0.625632378,0.546850998,0.492968453,0.714285714,0.833949057,0.810126582,0.317978687,0.222406364,0.205741627
0.619387755,0.702164881,0.244491081,0.605741627,0.537301587,0.451097062,0.689202825,0.83026455,0.86169714,0.597146454,0.272938444,0.289383562
0.28343465,0.191262136,0.23449948,0.628037861,0.548794943,0.434815373,0.698355969,0.821764835,0.856951872,0.631932021,0.194461538,0.229876722
0.110655738,0.130264447,0.184815185,0.601036269,0.51098454,0.468587435,0.678127985,0.811721274,0.857837462,0.626213592,0.23400936,0.227027027
0.103935419,0.105648987,0.308641975,0.624678663,0.58121987,0.296209326,0.655104551,0.721883173,0.317150816,0.2002457,0.189277899,0.158832261
0.122873346,0.147709727,0.219640971,0.576116682,0.507902606,0.483226837,0.666864726,0.548466258,0.111168429,0.265711136,0.200463499,0.195961995
0.141065831,0.116696589,0.424274973,0.609803922,0.542268041,0.261261261,0.633744856,0.256883706,0.117858981,0.356282272,0.233601841,0.22965267
0.14227435,0.116633267,0.184096802,0.308578745,0.352588147,0.264678179,0.556477639,0.62991008,0.989949749,0.807877814,0.677840403,0.608155464
0.14484233,0.119243421,0.192645215,0.362068966,0.365171249,0.210700331,0.480855296,0.739994769,0.992673993,0.817228464,0.646022727,0.554385965
0.467819404,0.380477223,0.224615385,0.469869707,0.498295842,0.182069389,0.646163094,0.587510994,0.301931229,0.428436911,0.696509863,0.651050899
0.147038328,0.103139013,0.186137507,0.578800558,0.52,0.504942665,0.678853755,0.769282662,0.698363211,0.239658569,0.306909091,0.194771242
0.140703518,0.143026706,0.222464558,0.566168009,0.496571988,0.517298875,0.661025775,0.771064432,0.710215054,0.198190045,0.227914482,0.208275862
0.129251701,0.096040438,0.217737351,0.606138107,0.60443111,0.040816327,0.653431501,0.738568129,0.716151721,0.225,0.473253619,0.617247804
0.137876387,0.098270772,0.206293706,0.608784474,0.577092511,0.034439963,0.64073695,0.72649153,0.703722854,0.145938174,0.448738422,0.640998959
0.426470588,0.27954779,0.39245283,0.594166667,0.546794106,0.027574171,0.430025445,0.514101531,0.47212056,0.500575374,0.642146152,0.439225182
0.123677787,0.100384451,0.220298027,0.504225352,0.529903806,0.032258065,0.601273017,0.462616822,0.508440243,0.530434783,0.525142561,0.469772311
0.32,0.229571984,0.250212766,0.570972887,0.480977173,0.479420732,0.219590958,0.418719212,0.264033264,0.269055375,0.294117647,0.369863014
0.45049505,0.488162345,0.337292162,0.681885125,0.523427041,0.456245325,0.602446483,0.652910053,0.247637051,0.237027812,0.251471825,0.182121414
0.455230914,0.376638856,0.289457648,0.653223735,0.515179393,0.421171171,0.615005862,0.644314869,0.222222222,0.226890756,0.28975265,0.156980628
0.448992059,0.319078947,0.242503259,0.646031338,0.508787742,0.497568882,0.628192999,0.657935285,0.241403509,0.248444232,0.30762565,0.129298487
0.081850534,0.14556213,0.410550459,0.721660572,0.552609068,0.456707544,0.634208692,0.646262047,0.224023581,0.2009656,0.233980227,0.177437021
0.081369498,0.164882227,0.427949973,0.735046522,0.574611181,0.508283133,0.645725083,0.601205424,0.282110092,0.758589782,0.822811671,0.788013609
0.095852535,0.419824189,0.672774869,0.759321277,0.524897213,0.438385269,0.593785698,0.285769678,0.340060545,0.825553984,0.849786486,0.797468354
0.092125579,0.426598619,0.676859881,0.750762732,0.528183716,0.473605948,0.576228571,0.277757009,0.388006151,0.872156013,0.875727252,0.82421875
0.078693051,0.149746193,0.484137931,0.739012234,0.557278972,0.497754491,0.636613272,0.615115465,0.189804772,0.759114583,0.828210284,0.774034272
0.088619403,0.141997593,0.446418338,0.730590577,0.55161987,0.514677104,0.644454909,0.65077797,0.206990715,0.172846549,0.324217344,0.17524701
0.077212806,0.155963303,0.482168745,0.720941288,0.543493073,0.510807736,0.637491385,0.609506058,0.275331565,0.787025704,0.843648208,0.813720022
0.09100364,0.411560694,0.660465116,0.736434109,0.522780648,0.458937198,0.553970081,0.28831563,0.354807223,0.864445987,0.87367406,0.811074919
0.568809708,0.665014866,0.588772555,0.672351885,0.53563985,0.226935313,0.686313686,0.787878788,0.813053989,0.782410423,0.754276827,0.730107027
0.091292135,0.472319202,0.659633208,0.736507937,0.547606523,0.204881849,0.221975583,0.42875817,0.778716216,0.815957447,0.83456931,0.738164816
0.265151515,0.210098417,0.183634634,0.49726232,0.411979881,0.131073714,0.639212175,0.644816364,0.323411563,0.445526194,0.555705301,0.494933117
0.279270147,0.426046512,0.195767196,0.491075982,0.460674157,0.19379845,0.666289337,0.732007576,0.69624934,0.44727973,0.284565301,0.205941931
0.042128603,0.253170979,0.573232323,0.73442623,0.547600315,0.173230249,0.252922423,0.3487095,0.438930163,0.715613383,0.520437386,0.207191781
0.111409396,0.126760563,0.184921039,0.607185063,0.523320496,0.163669065,0.699352245,0.811883032,0.787449393,0.241597469,0.236274908,0.216080402
0.115618661,0.111297071,0.188727583,0.445400997,0.472507823,0.122331691,0.616261775,0.702486679,0.737900223,0.316246057,0.261370528,0.226225635
0.143200963,0.114587738,0.156424581,0.60294892,0.503590664,0.107005389,0.662619478,0.824007022,0.799179339,0.280829812,0.227577791,0.220811143
0.119892833,0.128424658,0.179514256,0.608565737,0.54137931,0.182549354,0.703947368,0.803423735,0.795641447,0.228842505,0.237612041,0.223652174
0.150913423,0.127419355,0.219404631,0.589141216,0.486920606,0.125882842,0.671968709,0.822171429,0.8,0.24260355,0.298059965,0.351898734
0.110457516,0.145447677,0.200192493,0.462084015,0.422138837,0.151737535,0.700090334,0.839177186,0.82705314,0.272258065,0.287706501,0.291083916
0.111443978,0.130140845,0.254506893,0.578336557,0.483633011,0.154143409,0.69486692,0.749948165,0.707209199,0.21222557,0.184051924,0.302250804
0.332534452,0.431384615,0.615060908,0.712468771,0.552845528,0.44955045,0.173611111,0.236363636,0.715402149,0.818360817,0.792043896,0.660188784
0.154858934,0.096805897,0.137546468,0.565129756,0.522307346,0.599407992,0.650886137,0.798651881,0.778105781,0.307721567,0.112966055,0.149964463
0.141404806,0.099712368,0.359590793,0.642740999,0.556959268,0.624918318,0.631372549,0.563636364,0.129496403,0.749285033,0.833413116,0.813953488
0.239047619,0.1107164,0.275650118,0.644851658,0.575070822,0.588235294,0.63811774,0.562013917,0.161620469,0.657186006,0.800865801,0.771620487
0.212355212,0.436567164,0.545003544,0.663924794,0.558608845,0.501884896,0.171809842,0.179421769,0.096429335,0.412123855,0.799683473,0.779968631
0.128566397,0.077660594,0.11573472,0.406910779,0.488628532,0.642384106,0.691257432,0.854196447,0.856985699,0.606615475,0.129579005,0.196721311
0.130142737,0.126865672,0.372151899,0.596321394,0.500688389,0.577057793,0.644622861,0.691159136,0.633012149,0.234531308,0.203614069,0.188157895
0.14266711,0.102493075,0.136654804,0.225899281,0.327287716,0.314679643,0.387658973,0.843436371,0.876024375,0.750501002,0.731158605,0.525712607
0.408550022,0.246808511,0.506361323,0.690117934,0.473462511,0.507805326,0.623600345,0.695115935,0.584975046,0.595124536,0.49249531,0.200407955
0.117848411,0.353145121,0.500481232,0.689452241,0.575088687,0.529411765,0.541913633,0.451882845,0.572752317,0.800858369,0.839060461,0.405074901
0.151270674,0.145147679,0.228503185,0.349902534,0.162529274,0.073035926,0.609533469,0.733809281,0.821844507,0.820279296,0.755443886,0.515186246
0.13371266,0.132734003,0.207387457,0.656833233,0.243652899,0.175583483,0.473630312,0.825601166,0.895277207,0.886363636,0.836346337,0.656557542
0.149722736,0.185390149,0.469339623,0.555082491,0.29778831,0.14883298,0.515358362,0.793555434,0.877307921,0.879941435,0.824903723,0.63656936
0.101751065,0.234416155,0.282647585,0.561598681,0.370571071,0.043090639,0.673007246,0.731369151,0.801624415,0.772258917,0.684867395,0.539900614
0.127434874,0.084677419,0.286195286,0.632326821,0.527837721,0.405851463,0.632985492,0.820220054,0.768445476,0.458234697,0.207365893,0.213886672
0.088863892,0.076280835,0.256862745,0.660818713,0.551680136,0.386404944,0.654385548,0.828704603,0.813758018,0.474685695,0.106360235,0.152029073
0.08403735,0.111706197,0.279261778,0.558273022,0.447718631,0.350743562,0.631983055,0.789978214,0.777003484,0.457613815,0.229376958,0.319366853
0.107370337,0.096106048,0.278878685,0.577208523,0.489648965,0.363336992,0.645030426,0.837209302,0.823361823,0.485549133,0.186813187,0.221374046
0.126323752,0.089666265,0.209770115,0.569181673,0.429619441,0.551961181,0.636792453,0.804654864,0.791259879,0.243188698,0.115897436,0.323571091
0.155652174,0.145582329,0.400510204,0.58299412,0.484073576,0.487704918,0.557588553,0.580771897,0.484,0.219907407,0.22979798,0.264994547
0.123896929,0.093962415,0.232514178,0.573800318,0.418755803,0.569078947,0.637532746,0.794346579,0.801421917,0.249834765,0.110997442,0.25433526
0.462672811,0.410679612,0.443317972,0.627041742,0.186345831,0.321118611,0.492153332,0.852722475,0.887262873,0.845513963,0.867534278,0.626865672
0.052481596,0.341741742,0.496138996,0.667597765,0.550121172,0.485736616,0.367972082,0.277080063,0.137160121,0.480038948,0.727346939,0.435070544
0.127055306,0.137235116,0.30738523,0.59926386,0.514155251,0.5211815,0.601389492,0.575622776,0.225605536,0.158700819,0.176861702,0.206785878
0.127012522,0.076799357,0.201604814,0.638086643,0.548195329,0.54824936,0.626091423,0.804696072,0.739565109,0.248875562,0.245366938,0.149790014
0.104,0.132519616,0.16056338,0.475444096,0.415486308,0.49672346,0.585126162,0.836642372,0.833587012,0.652468538,0.268128162,0.149458484
0.170632223,0.079416532,0.245067497,0.643510055,0.541140618,0.584643659,0.659472422,0.824740081,0.735794075,0.248861912,0.233630952,0.188976378
0.161111111,0.086419753,0.26652452,0.656214237,0.546436285,0.553747323,0.645419355,0.817678283,0.743351407,0.298373984,0.304347826,0.200867679
0.122340426,0.085239085,0.234341253,0.573721907,0.509271238,0.568744663,0.679487179,0.871679608,0.812982297,0.411525424,0.253052164,0.207467119
0.150066401,0.090986758,0.193675889,0.628116837,0.534722222,0.556118143,0.665149701,0.857114269,0.81991624,0.455646598,0.245338208,0.18240621
0.230223124,0.174303684,0.139607032,0.212827988,0.416072278,0.489868892,0.669037459,0.895915405,0.880823402,0.747572816,0.251184834,0.266219239
0.099146422,0.083813747,0.292343387,0.665288357,0.492659054,0.284558565,0.690187204,0.625866051,0.106822262,0.413621262,0.781211064,0.712219812
0.070006423,0.195341451,0.3696,0.570179949,0.376727597,0.15320042,0.480127912,0.146039604,0.081607795,0.176629213,0.152515723,0.277401894
0.096470588,0.099264706,0.118257261,0.162811388,0.164308176,0.124454148,0.673758865,0.6874872,0.539534884,0.563297689,0.233519553,0.281875357
0.448626653,0.317647059,0.356108429,0.637001858,0.464107486,0.084896347,0.541869739,0.736273627,0.752019002,0.750928448,0.591374663,0.357045144
0.750714443,0.636724785,0.174508127,0.168297456,0.137238494,0.143852978,0.26677947,0.680985681,0.819297647,0.797882579,0.711522965,0.395985401
0.080213904,0.232375979,0.49955157,0.683453237,0.446564885,0.121734297,0.522200393,0.145847872,0.149100257,0.56105966,0.812122676,0.644253696
0.075422627,0.084470435,0.123460899,0.136553823,0.134955752,0.145066502,0.164434524,0.197420279,0.095541401,0.142255005,0.137435619,0.193574297
0.201093323,0.100175747,0.115413254,0.150485437,0.237701149,0.139712626,0.521331946,0.765714286,0.813907933,0.867353509,0.804111245,0.637383178
0.064043916,0.073933249,0.096053611,0.352872216,0.238641376,0.131126671,0.586741513,0.718758435,0.742690058,0.558814726,0.216480447,0.342359768
0.162171629,0.098102981,0.493752892,0.644529384,0.496821072,0.031847134,0.578392066,0.520219867,0.24611399,0.273643411,0.286605287,0.284773663
0.151421508,0.11375,0.450381679,0.601234886,0.598460552,0.049264706,0.623992502,0.533002671,0.240763297,0.273602369,0.325601624,0.273286467
0.162962963,0.093717817,0.43655071,0.549539794,0.457114026,-0.002153625,0.584648188,0.515934539,0.225728155,0.307031499,0.32810311,0.258114374
0.147905759,0.097419695,0.432821497,0.537145911,0.552298137,0.02062216,0.636687092,0.521684211,0.237591538,0.287591241,0.324247587,0.257851881
0.132880698,0.098901099,0.431233363,0.648326971,0.467220683,0.066943435,0.580055878,0.287452791,0.212611156,0.274530271,0.678110236,0.581672121
0.151721207,0.20383693,0.382779199,0.325471698,0.303323517,0.082644628,0.349576271,0.367006985,0.418037436,0.475040258,0.672541507,0.601739671
0.656523981,0.460589812,0.316168898,0.622570533,0.441314554,0.072922252,0.615503876,0.451585261,0.207207207,0.692229558,0.825409197,0.662018435
0.083623693,0.075027996,0.146163738,0.119707266,0.227751196,0.212672979,0.47566719,0.738283628,0.941630325,0.837807606,0.772323318,0.389621812
0.788369042,0.53614018,0.195470799,0.176974893,0.200850159,0.17761194,0.377832211,0.736951983,0.941875826,0.920215633,0.861267342,0.592337165
0.180124224,0.082377477,0.15123095,0.16759431,0.172192513,0.137827715,0.28189911,0.340023613,0.690209154,0.833231893,0.849305048,0.726569218
0.073045707,0.190769231,0.298799747,0.537429014,0.970984983,0.324973877,0.604338395,0.578893443,0.260592426,0.476721311,0.552757273,0.314698795
0.138113208,0.109345794,0.186531267,0.25948224,0.2003998,0.21955065,0.435194942,0.730722154,0.934871099,0.921325052,0.815998078,0.576962283
0.199004975,0.461904762,0.498958333,0.681831026,1,0.318488529,0.271186441,0.48951049,0.68602425,0.862751792,0.860143579,0.737931034
0.272815065,0.486894361,0.539007092,0.701694915,1,0.333775713,0.284869976,0.484722746,0.723320158,0.872020075,0.865373645,0.763319189
0.222696766,0.474041398,0.556830031,0.715181604,1,0.342263898,0.233532934,0.508692366,0.805973834,0.904978663,0.868169566,0.752228164
0.221492537,0.464711899,0.538067162,0.731804586,1,0.345392491,0.21516165,0.423210563,0.742782152,0.903247184,0.8816,0.792682927
0.210367691,0.474394358,0.506430478,0.701431493,0.974579746,0.324471711,0.23255814,0.499419729,0.799329378,0.909018356,0.884885353,0.779099405
0.184230478,0.163699024,0.218001652,0.151677852,0.32987013,0.267499054,0.612434194,0.862965151,0.999376364,0.905598244,0.831941032,0.421176471
0.172236504,0.192111959,0.190569745,0.141708543,0.371369295,0.258849558,0.597557873,0.869772999,0.999397409,0.894339623,0.819364523,0.428165007
0.198906357,0.115548003,0.11846002,0.103693182,0.18466899,0.1885153,0.457627119,0.833482543,0.999448276,0.880149813,0.846806505,0.527341893
0.206120612,0.153969527,0.308303887,0.32578916,0.203367876,0.238243296,0.620413123,0.894554883,0.999409855,0.902702703,0.862206292,0.543538038
0.6768,0.146557601,0.118271418,0.131373725,0.172153265,0.202686685,0.589484328,0.891772501,0.999433909,0.903536977,0.867667762,0.631121281
0.211311862,0.119804401,0.135689852,0.133041849,0.131270011,0.181339353,0.563694268,0.847906579,0.999409855,0.86390218,0.837905759,0.636408607
0.209247184,0.216771488,0.492697925,0.690446391,0.266720387,0.145466847,0.334222222,0.691095727,0.808412483,0.435061153,0.47933635,0.362304688
0.21043771,0.127192982,0.20368364,0.397757608,0.346000884,0.406008584,0.661129568,0.806288032,0.792099792,0.532209651,0.305916306,0.202531646
0.198842497,0.13054341,0.240356083,0.564726993,0.427606585,0.382871537,0.682953312,0.787719699,0.703896104,0.49348659,0.256210604,0.201923077
0.178147268,0.113350126,0.183786785,0.367218732,0.331274813,0.351118086,0.653488989,0.837278107,0.828542094,0.619650544,0.361147327,0.248908297
0.178532311,0.111111111,0.134573304,0.328208161,0.302013423,0.328318917,0.685861044,0.853593015,0.860424028,0.641164523,0.326380368,0.246589717
0.149171271,0.089662447,0.442809682,0.629840817,0.431846091,0.371976967,0.601224311,0.260851927,0.303219606,0.69286578,0.951872777,0.793573515
0.1678487,0.092951992,0.394207167,0.663709836,0.438247012,0.450980392,0.638811712,0.273839511,0.217904575,0.669976359,0.932932072,0.783619818
0.170282709,0.063631661,0.416996047,0.664239829,0.446774194,0.432166732,0.60619469,0.234838121,0.174778761,0.655306719,0.943212435,0.808853119
0.152016546,0.100896861,0.358856559,0.540046838,0.382601351,0.476592479,0.673688558,0.267857143,0.372875708,0.703562341,0.908041151,0.725050916
0.119842829,0.139931741,0.514666667,0.662662182,0.403174603,0.397926635,0.496757458,0.340425532,0.5625,0.789393939,0.917211329,0.722496632
0.07922645,0.124010554,0.46584489,0.610628513,0.359972909,0.407197736,0.504547423,0.36576,0.582938389,0.803571429,0.912408759,0.729257642
0.144130758,0.413718856,0.527049374,0.676720075,0.929699011,0.497356649,0.58297487,0.255621845,0.239231967,0.401921289,0.389934354,0.192866579
0.146207975,0.433871933,0.509715994,0.651198368,0.951756242,0.523237179,0.612976925,0.27139153,0.106837607,0.420143885,0.474789916,0.174100719
0.518867925,0.107707037,0.165397924,0.342019544,0.68719611,0.427342256,0.609791922,0.78307393,0.868837209,0.694897959,0.402554137,0.343544858
0.738811829,0.085964912,0.106118547,0.53685311,0.899513776,0.54017094,0.664998809,0.629924745,0.29281768,0.368695652,0.382450331,0.264694583
0.745454545,0.130500759,0.249771272,0.516637478,0.884433962,0.55658005,0.682435597,0.683547153,0.764304014,0.388701833,0.393518519,0.239872068
0.198902606,0.189323402,0.498736736,0.617256637,0.898046689,0.449443638,0.623373435,0.587398819,0.391353811,0.4765625,0.640746501,0.576462981
0.231222386,0.3056,0.636882547,0.767074318,0.897490279,0.265580058,0.335308057,0.578078574,0.821994635,0.875393939,0.845476234,0.604316547
0.163239075,0.445041174,0.490258874,0.689019897,0.903725408,0.475370445,0.59012781,0.243213296,0.603658537,0.243436754,0.484782609,0.539483395
0.128137384,0.456730769,0.54956644,0.730999335,0.910216718,0.418723404,0.573013357,0.185185185,0.222596965,0.319148936,0.503759398,0.452745275
0.109068627,0.40760507,0.420652174,0.460482375,0.789320105,0.220403023,0.615544761,0.315436242,0.391879131,0.612535613,0.616186389,0.539976825
0.099143207,0.358959864,0.520571569,0.690101105,0.901825558,0.227287017,0.602117336,0.336817654,0.464824121,0.43305187,0.611979167,0.491598141
0.133110368,0.428571429,0.522322518,0.699215966,0.90745098,0.455516014,0.592873051,0.212360289,0.338674436,0.375532562,0.678264429,0.590467231
0.116049383,0.347799879,0.5,0.68057401,0.946324387,0.538873995,0.602588997,0.433302668,0.811202014,0.898305085,0.984126984,0.762176393
0.782567948,0.17833935,0.36576,0.513157895,0.896267571,0.57002457,0.696853231,0.733008634,0.775869472,0.381878362,0.637168142,0.342465753
0.32397488,0.101827676,0.191222571,0.397301349,0.743762643,0.581168831,0.69654199,0.754323725,0.830481496,0.570224719,0.368237347,0.283257919
0.310991957,0.104770397,0.212401055,0.320519481,0.735935706,0.562759767,0.680275455,0.75581653,0.84180791,0.602661597,0.426245523,0.336966394
0.109296482,0.357210179,0.5250501,0.704070644,0.94136087,0.515227368,0.613333333,0.350069735,0.567404427,0.81340901,0.930326762,0.755656109
0.111447302,0.310575636,0.453219927,0.703102228,0.932263815,0.541513593,0.640873437,0.227341772,0.632172634,0.830625648,0.917290785,0.758459422
0.140562249,0.471064095,0.519363395,0.709410044,0.916623422,0.47275518,0.557724351,0.249460043,0.617148554,0.7912564,0.884396926,0.740554156
0.117857143,0.504622251,0.537610063,0.718525388,0.892489516,0.405504587,0.551436515,0.315956771,0.519172246,0.757723577,0.860434057,0.748906933
0.115062762,0.320139697,0.483819203,0.715360502,0.912788567,0.455700935,0.633319021,0.279735683,0.686580087,0.842696629,0.914227366,0.778241586
0.12004662,0.383745583,0.440634741,0.65,0.887660726,0.449577745,0.636317266,0.606169666,0.375067458,0.487407407,0.583378896,0.534914361
0.151071026,0.350615684,0.460300986,0.626008762,0.84103512,0.536833537,0.644493882,0.609700297,0.506782609,0.640577175,0.7596302,0.604895961
0.384187082,0.388863323,0.351107094,0.481400438,0.428706774,0.338481338,0.402934537,0.423652272,0.51886121,0.471846847,0.53820871,0.492668622
0.093710954,0.356854098,0.429801895,0.612621359,0.833551198,0.518336484,0.595155709,0.321428571,0.223996547,0.356935577,0.583163612,0.561458333
0.100626305,0.399930628,0.501380869,0.679546625,0.870638965,0.510079878,0.579773322,0.32137931,0.512195122,0.671274962,0.75228798,0.609120521
0.217501585,0.425218176,0.349930844,0.428695275,0.758381503,0.512274959,0.634545455,0.317444219,0.47933285,0.59237836,0.591160221,0.410225922
0.185923754,0.461606355,0.471424738,0.665231704,0.851102941,0.502582439,0.588620456,0.300253165,0.457998539,0.499818512,0.580013504,0.345497351
0.107376284,0.105209397,0.253488372,0.490799231,0.828632823,0.548523207,0.672057726,0.763187684,0.832727273,0.370657673,0.467505241,0.373283396
0.744779582,0.361570248,0.218956209,0.379928315,0.766655834,0.524469467,0.67229978,0.758565187,0.848888889,0.443896782,0.499816917,0.294996751
0.341639344,0.545992469,0.549842602,0.729190293,0.854611212,0.242168076,0.315106905,0.492939666,0.737556561,0.752988048,0.85322017,0.693654267
0.383458647,0.70195178,0.659770115,0.753361506,0.796918768,0.194259354,0.341426404,0.710344828,0.862527716,0.856694813,0.910798122,0.640979555
0.261219793,0.628190899,0.689140089,0.774243734,0.818422797,0.224037955,0.283950617,0.43602282,0.790266512,0.856785178,0.944134078,0.697585769
0.064220183,0.3977813,0.553460566,0.716046665,0.504916631,0.369443407,0.223184042,0.418803419,0.696471394,0.858534085,0.885394227,0.791401274
0.116246499,0.484413657,0.551074673,0.724300064,0.46741573,0.341801386,0.213838793,0.415181518,0.603063178,0.848730114,0.885701171,0.757017005
0.08297568,0.304771178,0.53409611,0.730954879,0.481369966,0.397435897,0.213722397,0.487465181,0.695963787,0.315315315,0.178743961,0.189375307
0.088967972,0.314226159,0.546367671,0.724961981,0.536194192,0.400824897,0.224646001,0.416726233,0.667008547,0.323140253,0.180065478,0.244837758
0.102439024,0.11871436,0.474420638,0.65914787,0.449506454,0.208605455,0.462592202,0.846379648,0.858617951,0.886267393,0.844039122,0.668314607
0.057731126,0.347800587,0.565113501,0.721848911,0.470817121,0.271134472,0.267029973,0.516025641,0.71547768,0.89409056,0.914569924,0.805660718
0.070484581,0.356242841,0.622751987,0.733445096,0.462816456,0.307117969,0.242506812,0.516595745,0.651750973,0.886762983,0.905544148,0.814508724
0.140298507,0.11332385,0.399513382,0.657561626,0.286935287,0.153112731,0.482749103,0.838425686,0.865937073,0.900180397,0.834631817,0.656845754
0.121372032,0.26369863,0.526362824,0.653802753,0.471485944,0.351754386,0.52991453,0.574227253,0.831702544,0.887267525,0.874247769,0.719402985
0.080738178,0.266109785,0.485660555,0.702891326,0.473810476,0.386138614,0.524944812,0.567765568,0.840375587,0.907002801,0.882161723,0.741193919
0.242811502,0.227684347,0.470077661,0.636205396,0.467228464,0.307958478,0.305755396,0.765466297,0.854461301,0.889772125,0.90494952,0.799915576
0.266099635,0.303902751,0.526292135,0.697650239,0.509933775,0.227742253,0.300947867,0.811576653,0.864768683,0.906574394,0.922531885,0.83102439
0.3157277,0.392491468,0.615203929,0.737526205,0.477377655,0.138270326,0.306416727,0.782635853,0.850589777,0.899894626,0.904,0.818562749
0.271682941,0.410397909,0.653375444,0.761522672,0.517779705,0.176523297,0.267186393,0.778778135,0.889260143,0.922783603,0.927222478,0.837410072
0.32712766,0.403205919,0.585270426,0.72869484,0.49169286,0.123958844,0.263157895,0.795770393,0.882588059,0.912375096,0.911442786,0.828156515
0.285632513,0.361538462,0.485503912,0.581632653,0.408099688,0.155172414,0.256578947,0.530848329,0.654726636,0.707684041,0.727612761,0.649765658
0.166516652,0.240646651,0.412256267,0.378085751,0.303829787,0.143520053,0.510121457,0.686597938,0.710454433,0.755365917,0.751509922,0.649635036
0.193376068,0.385327165,0.574656189,0.727294062,0.476839237,0.145625,0.192886457,0.623745089,0.8488228,0.914278201,0.866354045,0.739663093
0.234065345,0.416393443,0.639114229,0.762739503,0.49924357,0.09241453,0.211444522,0.592951542,0.841894802,0.91881542,0.875236295,0.7593361
0.30198915,0.381795589,0.586843884,0.724929608,0.471683168,0.144420131,0.279904306,0.726927939,0.819762388,0.861526756,0.872980748,0.791732909
0.151907847,0.295589988,0.578004073,0.749008144,0.507514451,0.331980519,0.180487805,0.599646487,0.831029186,0.902324367,0.883807169,0.757066463
0.097130243,0.41608613,0.619288175,0.731343284,0.497859089,0.054178916,0.466201483,0.274295572,0.745489079,0.891168599,0.853234911,0.731394354
0.085118067,0.313989637,0.611885714,0.728059911,0.483616265,0.046141915,0.486640385,0.287269285,0.724941725,0.867460103,0.818589026,0.672085462
0.097345133,0.347510373,0.644112478,0.736946464,0.482225657,0.072,0.443080829,0.445185891,0.771511208,0.883189436,0.844189017,0.719802617
0.040693796,0.332416638,0.608120869,0.761483354,0.503922301,0.047077922,0.489057239,0.297012302,0.662383695,0.891091175,0.869249395,0.775545683
0.108870968,0.388564761,0.652833556,0.763859501,0.497591701,0.043202537,0.41285956,0.241124942,0.06014615,0.076988516,0.258468336,0.20754717
0.099861304,0.352536825,0.641261801,0.764381235,0.497409326,0.054409006,0.424255141,0.225165563,0.05363528,0.076093469,0.229663261,0.201877934
0.092607004,0.316410862,0.659095733,0.751974386,0.486587183,0.033953998,0.379009901,0.280032141,0.05199115,0.079037801,0.250846183,0.181818182
0.092348285,0.363794101,0.681771157,0.769373073,0.485863095,0.02969562,0.358639779,0.262530669,0.071389043,0.095996556,0.257786116,0.244670051
0.035852179,0.31208659,0.654482158,0.756751099,0.498668695,0.038181038,0.362524655,0.223352973,0.514360313,0.862939585,0.853301785,0.740542851
0.080084299,0.102456561,0.345872518,0.659701493,0.462905719,0.050154321,0.605405405,0.222545455,0.394054396,0.848218029,0.818564513,0.650239369
0.09540636,0.121590909,0.26125,0.452723312,0.407377706,0.054198473,0.581478984,0.220110847,0.301550833,0.737999103,0.762181493,0.620901639
0.133991537,0.132352941,0.61291658,0.707077186,0.465868263,0.053449063,0.485688323,0.352009744,0.744538679,0.843803056,0.565342269,0.528921313
0.089845827,0.102899375,0.330043183,0.685903881,0.483172147,0.049808429,0.611797875,0.262685227,0.143348624,0.506556877,0.778105781,0.757170172
0.056562328,0.100060643,0.442412259,0.649712517,0.475080386,0.046116505,0.55969133,0.214873314,0.317850033,0.838622692,0.83090379,0.669033315
0.148648649,0.103074141,0.222498756,0.355877617,0.72107438,0.313131313,0.538981414,0.310463122,0.197209302,0.394136808,0.704545455,0.684638861
0.126521579,0.117324014,0.193975904,0.37370431,0.75198188,0.258107214,0.580778032,0.602048656,0.541545766,0.273443656,0.241102757,0.251101322
0.131954351,0.118506494,0.219215903,0.144935646,0.121161826,0.17254902,0.175556706,0.20409469,0.262690981,0.651198059,0.801174876,0.705472637
0.125213238,0.077309868,0.208742194,0.434151227,0.663029013,0.237884067,0.551740582,0.321274763,0.179521277,0.281669151,0.64664518,0.637576109
0.098265896,0.090909091,0.133222775,0.187205034,0.269339356,0.244144784,0.55877939,0.798849,0.832888889,0.753759398,0.427055703,0.227024342
0.131082858,0.118244616,0.179514825,0.543720585,0.438652767,0.218446602,0.669421488,0.601450918,0.139272271,0.718451483,0.857826087,0.644519678
0.171503958,0.12417795,0.169897377,0.557475083,0.393939394,0.203431373,0.648303217,0.580470163,0.158320373,0.740610646,0.857175872,0.752327747
0.130784708,0.095057034,0.223579395,0.612272121,0.428802589,0.233030967,0.675401178,0.579418345,0.132856006,0.641724618,0.818368394,0.776328052
0.609077599,0.339449541,0.453476983,0.541345094,0.234707158,0.274318411,0.651898734,0.506100537,0.567870486,0.637434149,0.846036294,0.652942282
0.132,0.049291785,0.380977969,0.528938409,0.338568129,0.318534961,0.684108527,0.714764398,0.660694537,0.375365344,0.413817167,0.444174757
0.104887984,0.159461375,0.441060904,0.619502388,0.314361939,0.115302708,0.427935448,0.782112274,0.891152953,0.909393396,0.836734694,0.610040341
0.133064516,0.088888889,0.379482072,0.611323298,0.406555981,0.138862409,0.555708076,0.235037654,0.101914123,0.700221511,0.85452839,0.752529183
0.076541167,0.096330275,0.481622912,0.642498205,0.397632617,0.1847487,0.560090703,0.328189911,0.649944259,0.850694444,0.891693635,0.685607632
0.103304348,0.084591085,0.165271318,0.240718563,0.215049166,0.083541999,0.580826109,0.783924843,0.881764706,0.884279476,0.836049383,0.573525985
0.067433351,0.158086008,0.477348593,0.665437788,0.46192053,0.057865409,0.519703292,0.138235294,0.168153741,0.649339207,0.814863793,0.679439252
0.114861187,0.110609481,0.224719101,0.661220269,0.450436162,0.080502559,0.664806778,0.296827466,0.087131367,0.629988975,0.872894948,0.801039061
0.118881119,0.104111052,0.212321232,0.623935357,0.415684681,0.089753773,0.655111891,0.302834008,0.099701493,0.53858206,0.876354366,0.807145601
0.112352168,0.116620112,0.135471517,0.138931298,0.190965092,0.141017386,0.578461538,0.807362582,0.854806313,0.849807064,0.802047782,0.58117195
0.183803458,0.078254031,0.115869018,0.231104651,0.206636501,0.027067669,0.567487685,0.594071241,0.69780529,0.550266032,0.44759764,0.375442142
0.167867435,0.480216576,0.529736117,0.611150822,0.87287436,0.231955151,0.356591994,0.374169742,0.715312438,0.659785733,0.716687268,0.486027397
0.304915515,0.795134867,0.644452515,0.253945481,0.683779635,0.346702923,0.55400982,0.248878924,0.138177236,0.209248555,0.470389171,0.512751678
0.152378393,0.236871508,0.546334716,0.72103192,0.505062778,0.071609099,0.56993007,0.489263804,0.850204798,0.892018779,0.865992415,0.676754668
0.128626163,0.205849269,0.542592593,0.704067948,0.471682513,0.061576355,0.54894351,0.570043464,0.837992014,0.872624551,0.833881218,0.578015836
0.157073895,0.232856066,0.270647122,0.15059817,0.381682938,0.251412429,0.493006993,0.499426825,0.724852071,0.61499891,0.615702479,0.605316383
0.145902732,0.152426521,0.168356998,0.19760479,0.617666447,0.335355578,0.63171545,0.388997269,0.200356189,0.423205902,0.472333601,0.667372383
0.14260009,0.218508997,0.526006332,0.716945208,0.531015678,0.092063492,0.536423841,0.506675143,0.828161067,0.867552813,0.805733847,0.579869692
0.120574654,0.097880299,0.096584649,0.177669903,0.285547332,0.293343087,0.682852807,0.647150058,0.732504512,0.638249887,0.692509855,0.599240266
0.145833333,0.113879004,0.076632692,0.093084112,0.091358025,0.138054363,0.18373649,0.588116138,0.657218194,0.170020121,0.312252964,0.535838333
0.103181683,0.217679558,0.579041648,0.729865772,0.500198965,0.033537685,0.504993487,0.153439153,0.253203173,0.843906892,0.886014394,0.648503454
0.119260757,0.181253529,0.565137192,0.735239279,0.583187391,0.045090909,0.533774834,0.15625,0.30160487,0.867844523,0.876769359,0.717475728
0.13712147,0.185539607,0.563021421,0.743526,0.570519263,0.041471331,0.537789428,0.214625229,0.321656051,0.887544125,0.863721609,0.721217888
0.106717226,0.187532468,0.38794926,0.67950196,0.531168831,0.053533191,0.557674841,0.156836461,0.183692167,0.886247878,0.874009178,0.675759135
0.133352129,0.225329815,0.560449438,0.732368149,0.563517915,0.099060632,0.243996902,0.630769231,0.882988299,0.890339426,0.824983874,0.597874225
0.255561048,0.318832284,0.444354839,0.441587731,0.3576,0.058923997,0.435766112,0.439554881,0.723849372,0.737178076,0.346153846,0.254320988
0.08880666,0.050552005,0.504240368,0.720267261,0.570966583,0.061738105,0.591448931,0.44924154,0.179451091,0.266454352,0.551458263,0.568116697
0.090116279,0.126284875,0.3152,0.621286489,0.26,0.114013059,0.599228358,0.831957672,0.897920605,0.886499093,0.840179496,0.652855543
0.095473564,0.085484796,0.193781233,0.548452051,0.431085044,0.079435128,0.654056418,0.57962847,0.27903137,0.333609272,0.338966526,0.264298615
0.595283019,0.507714916,0.306802406,0.569245934,0.210548002,0.156856703,0.593434936,0.794129806,0.899014778,0.850971922,0.793250444,0.60093805
0.113382306,0.083123426,0.545623836,0.68919207,0.431504145,0.068996416,0.475437136,0.330806714,0.581523233,0.876891192,0.808461181,0.732554907
0.110209601,0.098203593,0.546218487,0.69889065,0.443837754,0.032390324,0.565033784,0.357487923,0.696167632,0.858727379,0.755660612,0.565164434
0.1113381,0.08182386,0.529725795,0.701754386,0.446940356,0.038106699,0.589710611,0.289411765,0.700506103,0.903923726,0.822673136,0.769230769
0.105912109,0.051219512,0.514880952,0.692573402,0.447160883,0.048769961,0.548275862,0.337733773,0.715606936,0.905896367,0.820729645,0.766834171
0.100110011,0.063063063,0.204992799,0.380645161,0.29543497,0.096815287,0.634924442,0.611220472,0.294523502,0.501565435,0.742252828,0.748394768
0.079006772,0.161113647,0.432327167,0.64199815,0.372629843,0.06894912,0.6,0.348993289,0.562671546,0.86407767,0.791880541,0.685741998
0.096324952,0.162043796,0.57930565,0.72059448,0.436442346,0.054995417,0.59423676,0.311513735,0.518143962,0.850124519,0.794543298,0.681362725
0.082258065,0.166666667,0.425531915,0.611767543,0.385708316,0.046450482,0.571336067,0.262427746,0.694299091,0.88485096,0.816317016,0.721989772
0.084394904,0.130167106,0.441373534,0.631295385,0.384865745,0.039164491,0.579196217,0.319030592,0.719665272,0.875,0.804064855,0.700277521
0.069633292,0.142577168,0.531337699,0.70823629,0.435083435,0.049977886,0.581276596,0.24128565,0.68591224,0.874880429,0.80970325,0.707362535
0.124119718,0.100217865,0.56036556,0.71168437,0.450995705,0.08094768,0.555555556,0.31318328,0.673422119,0.875,0.792344498,0.718817592
0.074736842,0.234365868,0.598530087,0.714926042,0.440509351,0.022827041,0.540494459,0.402995008,0.785217615,0.881292261,0.804761905,0.717779868
0.09202454,0.241860465,0.58092151,0.709341025,0.435998425,0.050958392,0.540517241,0.381107492,0.726953231,0.851197982,0.766658157,0.680604534
0.14402917,0.168800931,0.570308898,0.723922548,0.44865287,0.116304953,0.548589342,0.346225827,0.695539568,0.871650529,0.813171415,0.733136386
0.087985708,0.177060134,0.557572862,0.699686239,0.417341977,0.107386364,0.549892009,0.44398864,0.805082655,0.876898481,0.80493537,0.732701422
0.087153652,0.227417641,0.600352889,0.719712959,0.430582714,0.06184307,0.557342361,0.383233533,0.746586565,0.851401869,0.775417299,0.702085402
0.086356668,0.108305648,0.346287992,0.525773196,0.321877619,0.043890866,0.528897076,0.322987391,0.357420789,0.161113647,0.276068718,0.253594771
0.11875,0.11297989,0.117277487,0.127458694,0.145080092,0.051310044,0.455465018,0.782306163,0.838147281,0.815912637,0.832738399,0.592261185
0.098883573,0.12303523,0.136924804,0.506933744,0.415268002,0.204992436,0.672554706,0.795198432,0.714997509,0.537543054,0.246734398,0.237212496
0.154278576,0.086631016,0.075102881,0.430386448,0.386722866,0.161916693,0.679939133,0.824460432,0.782749192,0.599800399,0.314741036,0.320277953
0.1362621,0.060660125,0.157653529,0.42957043,0.413662239,0.038992689,0.688751926,0.832997537,0.813547954,0.380634391,0.276633841,0.176243361
0.139306736,0.063615561,0.118863049,0.442268041,0.355347462,0.065786371,0.682072118,0.817137386,0.791375572,0.347880822,0.261763681,0.187194791
0.126086957,0.073664825,0.21300962,0.425916366,0.367219917,0.154384077,0.680851064,0.793134598,0.790415042,0.344898802,0.251599147,0.158415842
0.136618141,0.055477855,0.166748647,0.458333333,0.380018674,0.066037736,0.682176456,0.785249944,0.768479777,0.318278914,0.302533532,0.184796855
0.064920895,0.055305203,0.207939509,0.565348779,0.439082656,0.060356057,0.651498335,0.495912807,0.149859944,0.110724638,0.203252033,0.141242938
0.094508301,0.066167291,0.220886863,0.490958165,0.382633588,0.098115031,0.646947914,0.490512334,0.130346232,0.109109109,0.212300852,0.15720524
0.099206349,0.13840399,0.129271917,0.430493274,0.350698856,0.121346324,0.65084473,0.771986971,0.685611879,0.458752515,0.257108288,0.232167832
0.103012272,0.11698881,0.094488189,0.430769231,0.353345841,0.097799511,0.634276113,0.786812614,0.706722035,0.496417605,0.241311475,0.190600522
0.131764706,0.080876158,0.107183152,0.351193376,0.349214394,0.046754426,0.641397154,0.811140584,0.750065496,0.47023022,0.280602637,0.165692008
0.118116217,0.145866245,0.146299484,0.456765005,0.393939394,0.196298744,0.660899654,0.791166709,0.720770652,0.50496057,0.26991404,0.200454287
0.103448276,0.220923762,0.531956735,0.68748527,0.517095821,0.129993659,0.549467965,0.463903743,0.570850202,0.89150264,0.86233014,0.719111111
0.188770571,0.166564229,0.245939675,0.455590387,0.482416592,0.175251799,0.646275915,0.79366214,0.794710022,0.629558541,0.496774194,0.22330923
0.211286089,0.177060134,0.268878719,0.566600398,0.46332574,0.247080516,0.649642492,0.733862959,0.684055841,0.551081283,0.34968735,0.302934537
0.177865613,0.177581121,0.313285949,0.531506849,0.45487042,0.066826731,0.557444741,0.614294516,0.685476941,0.649690624,0.611972207,0.471400394
0.138749101,0.256749603,0.519637462,0.703206562,0.518324607,0.088786995,0.508835523,0.417840376,0.602252728,0.869240048,0.844354476,0.70894526
0.060579456,0.299049748,0.55128502,0.705783537,0.520256719,0.225385935,0.474835886,0.439648866,0.447913788,0.885011298,0.877570093,0.754371182
0.095669688,0.293706294,0.557749713,0.692680562,0.507425743,0.110530069,0.464776252,0.433988764,0.632049307,0.891664328,0.870786517,0.737746125
0.604817895,0.512579416,0.39011258,0.511087645,0.432924249,0.023870731,0.520898018,0.491919845,0.492649359,0.677807889,0.797493734,0.580781415
0.710631495,0.413227812,0.344467641,0.523764926,0.391423358,0.027407407,0.479313824,0.477124183,0.590748474,0.80261379,0.736178966,0.355663825
0.123309467,0.06002792,0.257906459,0.555894309,0.453117783,0.0484375,0.651556526,0.691218873,0.606883571,0.209993248,0.167827298,0.18285999
0.38547486,0.388138579,0.572561829,0.671068427,0.514309076,0.046416636,0.500227583,0.433962264,0.60148423,0.849921834,0.828359935,0.703668414
0.181016949,0.346609257,0.616890257,0.729850413,0.55044112,0.027047913,0.437296417,0.428117554,0.655422561,0.893446488,0.867690994,0.720377204
0.209302326,0.402611534,0.601187951,0.697998259,0.517047734,0.061139028,0.212273642,0.627139364,0.764755839,0.852104664,0.78671695,0.284980011
0.058455115,0.162292448,0.542533081,0.700217234,0.504409912,0.075381264,0.514052584,0.308029197,0.522980691,0.882140438,0.873720137,0.770980392
0.142664872,0.317672184,0.622708985,0.717162471,0.536842105,0.029621297,0.4735987,0.442970822,0.618411284,0.884051222,0.843707406,0.723923657
0.096525097,0.143187067,0.536310329,0.677966102,0.520859149,0.037397158,0.516565562,0.54874268,0.65632,0.793489318,0.771590616,0.612446959
0.099589322,0.239514349,0.61698324,0.726400357,0.534645669,0.048770657,0.494764398,0.421716145,0.595348837,0.874084919,0.854796889,0.727619856
0.111227702,0.269983231,0.620801733,0.736968375,0.526033691,0.05704408,0.491932147,0.454853752,0.599681655,0.881684319,0.864229765,0.740445191
0.098374679,0.069033531,0.335583052,0.528297055,0.411607143,0.046088795,0.663571819,0.693574959,0.607134249,0.207823961,0.205084164,0.156097561
0.15980759,0.081982841,0.095953757,0.127906977,0.113456464,0.168179853,0.484029484,0.699337748,0.748025844,0.774108322,0.841717398,0.648717226
0.171154724,0.224919835,0.316694398,0.577090258,0.393211921,0.449727202,0.677476285,0.356661046,0.149470899,0.332655137,0.488938053,0.665280665
0.16563786,0.153846154,0.317324185,0.633498424,0.414898044,0.474990306,0.640331733,0.299607501,0.103128621,0.333002481,0.596196868,0.675040086
0.166487648,0.160980298,0.257517769,0.567061144,0.389918139,0.463892289,0.621524664,0.294162826,0.090454773,0.363773206,0.748559455,0.776731041
0.150204082,0.228717949,0.297268908,0.52915388,0.364461738,0.454981993,0.632928475,0.362410072,0.089786223,0.350684932,0.662570888,0.769886364
0.117874931,0.088976378,0.251242408,0.636518771,0.398082534,0.494086227,0.641393875,0.190200749,0.203036053,0.656300268,0.839394679,0.772748703
0.118291979,0.236031927,0.525469169,0.555555556,0.253617021,0.384219554,0.434022258,0.51887396,0.76228017,0.825808331,0.880803424,0.567164179
0.136729223,0.095490716,0.232665639,0.64461738,0.403742204,0.50348567,0.633972839,0.233862434,0.220636663,0.724407525,0.864344638,0.803135889
0.125,0.11384034,0.322616408,0.640981116,0.413533835,0.511059371,0.628959276,0.251126851,0.233870968,0.672928177,0.820969337,0.776970248
0.159010601,0.457554725,0.618517694,0.712146033,0.458681523,0.190396427,0.354064375,0.756871635,0.888018567,0.918582375,0.924151697,0.57884797
0.130952381,0.48422634,0.679271992,0.741697417,0.547965116,0.175487465,0.320221266,0.698964046,0.820186014,0.911907067,0.923699422,0.627721013
0.095499451,0.175371083,0.493793848,0.651186791,0.418502203,0.476260401,0.636410125,0.621419009,0.164424514,0.176573427,0.83814774,0.778318136
0.099434652,0.152957172,0.4473342,0.71354616,0.177514793,0.403953371,0.603206413,0.814388874,0.910160428,0.866431303,0.883858734,0.577963601
0.140694006,0.385569703,0.577705247,0.715930902,0.44279476,0.498640073,0.643912738,0.605133268,0.378776143,0.709079076,0.927611169,0.77605429
0.140537164,0.374301676,0.579373104,0.669403394,0.446827525,0.500231374,0.641392465,0.557139087,0.404741001,0.728452271,0.943400952,0.806698565
0.133179369,0.393476752,0.582904222,0.678609062,0.439753738,0.501845018,0.648117452,0.590311775,0.125376128,0.237157534,0.19961334,0.242727273
0.105612553,0.200732154,0.512839691,0.708951652,0.430029775,0.493131217,0.659870473,0.642084562,0.243222308,0.212658228,0.270761246,0.278752437
0.119732441,0.299888517,0.5987994,0.683823529,0.457713557,0.514248137,0.635874439,0.297372061,0.575411008,0.813017751,0.932706581,0.730612245
0.132544379,0.371919771,0.63221737,0.725315516,0.464255677,0.501111605,0.639241918,0.341984094,0.511205977,0.755780933,0.966708075,0.83721427
0.12857945,0.285321605,0.603435211,0.671846194,0.433581762,0.452865065,0.58365019,0.270220588,0.474503698,0.8293601,0.958351794,0.772371851
0.07800312,0.317811409,0.481265207,0.693092258,0.903181189,0.054954955,0.584142395,0.224242424,0.70008285,0.848275862,0.89033189,0.79307094
0.119022317,0.160391566,0.254748603,0.412722646,0.551737915,0.11751018,0.576615666,0.646873358,0.754062839,0.677285677,0.6125,0.380679649
0.158381503,0.181818182,0.205075727,0.363636364,0.47588717,0.096850862,0.295702373,0.54851752,0.800530504,0.796137864,0.819772528,0.675704413
0.113022113,0.360376249,0.234204276,0.470608696,0.737579618,0.129263914,0.624970664,0.651935081,0.707281196,0.323281596,0.438480595,0.426633345
0.153212521,0.150769231,0.241116751,0.307477009,0.373563218,0.098825551,0.391402715,0.627777778,0.769402747,0.791249643,0.800753904,0.6492891
0.170356112,0.185081585,0.154471545,0.260220636,0.27832351,0.111044418,0.4681458,0.595213319,0.755987602,0.577047066,0.651313545,0.449554896
0.334933974,0.679272379,0.672673777,0.780808573,0.866291344,0.082706767,0.252085264,0.642178047,0.790126095,0.804735062,0.749797352,0.667670408
0.11612426,0.092621664,0.169918699,0.158857143,0.181818182,0.090180361,0.612280267,0.841769042,0.885118889,0.870047544,0.82038835,0.630942788
0.14770798,0.133213859,0.332380952,0.464846981,0.648518263,0.086346863,0.169367909,0.155004429,0.497639282,0.749179251,0.725303751,0.660538236
0.108997226,0.133681852,0.506001847,0.719202518,0.934205311,0.097823368,0.469846985,0.199781659,0.723110866,0.857747671,0.834704269,0.693144723
0.111196614,0.137858642,0.491740788,0.750371471,0.889596603,0.101420384,0.518082789,0.456145866,0.777452416,0.855618953,0.830841121,0.679841897
0.118560916,0.609921082,0.625494505,0.763456609,0.925898618,0.08263236,0.128876637,0.58946994,0.850089233,0.864824864,0.828254848,0.638285145
0.134580567,0.342166797,0.575061526,0.778396243,0.890183028,0.090818859,0.433531293,0.189914163,0.621911283,0.819309489,0.852068533,0.725619835
0.147819375,0.274051361,0.4909764,0.722709163,0.867527045,0.093326767,0.486672399,0.242320819,0.328244275,0.757432751,0.848450915,0.798050682
0.126030624,0.260940032,0.513217867,0.737333598,0.875227135,0.095120749,0.45987376,0.225638353,0.386944182,0.817039983,0.85194952,0.686307054
0.154205607,0.587719298,0.614414414,0.756202805,0.87797619,0.087598425,0.128819652,0.478687288,0.83600713,0.852049479,0.844894246,0.680940386
0.13681028,0.584101382,0.625139291,0.773337926,0.897009379,0.088751545,0.131561009,0.592567103,0.859879897,0.864877815,0.828618968,0.627657461
0.690183279,0.41506647,0.28973747,0.390026247,0.521317829,0.097927902,0.548664944,0.261363636,0.246704331,0.554766457,0.73620391,0.700835232
0.214628297,0.604980192,0.600368324,0.742450808,0.90914148,0.089559624,0.131147541,0.59249531,0.857142857,0.87148257,0.842722553,0.671617824
0.778552746,0.663162812,0.540867093,0.482674475,0.196183206,0.08008008,0.1774942,0.701550388,0.838297872,0.816398801,0.76578891,0.474145486
0.23890785,0.683,0.595708155,0.709570957,0.828990228,0.074759437,0.255594817,0.68627451,0.853175694,0.857179161,0.812774869,0.483050847
0.130434783,0.399227799,0.555830651,0.687811215,0.830437513,0.089463221,0.272430669,0.500719424,0.813740458,0.836389281,0.819434873,0.675057208
0.155319149,0.437229437,0.576996198,0.741507224,0.846823956,0.105658488,0.264847512,0.325015596,0.820250284,0.839473042,0.830819672,0.715495343
0.118336887,0.38331318,0.514713474,0.730799683,0.863291139,0.110212336,0.300748916,0.332301741,0.792163543,0.821307397,0.814396456,0.733981441
0.115179252,0.085099446,0.155998103,0.164907171,0.168646081,0.085670963,0.194016718,0.515201315,0.801817395,0.77661597,0.708867248,0.654161782
0.137311287,0.123844732,0.306122449,0.58514209,0.785700446,0.103690685,0.550069865,0.245732023,0.178855108,0.317841467,0.138588357,0.222532588
0.156665324,0.155017921,0.335476956,0.591757888,0.831782799,0.089901788,0.565298507,0.306196291,0.241357027,0.288557214,0.244598099,0.219743711
0.123411978,0.145631068,0.337107566,0.559633028,0.71738149,0.095835424,0.538674671,0.194991055,0.206377325,0.224977857,0.16054843,0.233930453
0.122359796,0.103603604,0.208775137,0.128939828,0.218340611,0.075917547,0.273273273,0.599588266,0.781588903,0.741538462,0.698497854,0.329650092
0.107075767,0.108793687,0.113509977,0.126695336,0.12995896,0.100568182,0.283852691,0.474649407,0.607015265,0.694328025,0.71392485,0.606724707
0.122262047,0.136808847,0.128415301,0.128948346,0.139552239,0.117631225,0.285921626,0.353255069,0.422134387,0.453703704,0.600878397,0.421218487
0.098069498,0.202827624,0.385115901,0.494827151,0.688800793,0.101449275,0.41160221,0.189768977,0.524253007,0.741643304,0.723423423,0.440491875
0.146655923,0.150419626,0.13003096,0.12987013,0.147107438,0.087991442,0.380624669,0.632980246,0.849793673,0.832881172,0.800879235,0.653916211
0.114044738,0.129726206,0.132921175,0.132834056,0.131458967,0.110740122,0.491675916,0.814882033,0.893759071,0.853599516,0.837591241,0.671616817
0.12041545,0.115259259,0.110682111,0.106621076,0.111111111,0.089532053,0.402446127,0.727773407,0.8570178,0.809435708,0.799088947,0.671927308
0.109796673,0.124458204,0.120501816,0.130108424,0.126122608,0.088023088,0.51193634,0.703140831,0.80873537,0.750806215,0.772332823,0.617059891
0.106322854,0.160503541,0.143148589,0.121829225,0.116035455,0.120107059,0.538298436,0.800861414,0.852987175,0.830120482,0.799691834,0.657553957
0.109066121,0.121461187,0.136620857,0.125555107,0.208402432,0.086372361,0.474527762,0.765817349,0.821334338,0.797486034,0.804607757,0.65391205
0.095782702,0.091288783,0.133064516,0.115772489,0.123355263,0.1063132,0.565993178,0.778935185,0.892941176,0.865985236,0.835532995,0.68627451
0.091743119,0.113413304,0.199209095,0.120448179,0.126265317,0.113979849,0.56293519,0.792375367,0.864998354,0.825829773,0.804839139,0.654166667
0.141990291,0.090429043,0.488304094,0.6129957,0.404979253,0.284459717,0.631328429,0.25115304,0.573743249,0.840818141,0.908578585,0.794848622
0.111984283,0.09724238,0.587862319,0.661393758,0.444746026,0.161514013,0.596570204,0.323011963,0.55139333,0.866854196,0.958706377,0.80416409
0.126673532,0.105049333,0.596351197,0.668766877,0.440860215,0.139494834,0.582827407,0.247093023,0.433663366,0.802197802,0.95834228,0.786175115
0.184823441,0.133367929,0.162975582,0.317252229,0.367852319,0.435414885,0.690991444,0.804192355,0.804002052,0.566037736,0.322069694,0.194078947
0.117282127,0.127880184,0.58156682,0.674090408,0.450726979,0.258327668,0.587416818,0.23412251,0.514751211,0.877083333,0.912315488,0.764287408
0.117468046,0.076923077,0.439655172,0.649484536,0.442622951,0.178648565,0.648792468,0.23986711,0.390272835,0.790880503,0.946040035,0.810921338
0.127993394,0.095975232,0.432807269,0.657210965,0.422037422,0.225721785,0.607096495,0.21350211,0.33478025,0.774626866,0.928367392,0.792858952
0.115173675,0.099004715,0.38560794,0.610788189,0.41285956,0.323984178,0.619422572,0.246073298,0.348154735,0.727756654,0.907029998,0.747225981
0.137864078,0.08310992,0.435897436,0.673171879,0.455716586,0.316348195,0.620210526,0.235849057,0.299029945,0.582018173,0.874015748,0.74508703
0.154613466,0.09846329,0.431219512,0.614336194,0.427600849,0.254502209,0.623290693,0.25931677,0.394350282,0.791236195,0.952742616,0.81420765
0.143314139,0.066891512,0.403817915,0.663608563,0.442556634,0.438211063,0.63887689,0.289817232,0.263868789,0.653333333,0.917266187,0.79489849
0.121195351,0.09202454,0.360970677,0.650929289,0.437054632,0.444057298,0.631375911,0.221621622,0.347300564,0.74527978,0.892086331,0.69815418
0.32565579,0.389731622,0.579809004,0.710883544,0.462025316,0.178795181,0.304983389,0.811701812,0.888151659,0.923915677,0.927125506,0.831001679
0.214437367,0.41475827,0.605653066,0.752297593,0.481191223,0.17125,0.196568978,0.714975845,0.867287544,0.912058268,0.863579992,0.697933227
0.123219814,0.34872418,0.519301471,0.700195313,0.46311971,0.233195021,0.185076811,0.660025435,0.833440102,0.907782673,0.868546736,0.712380158
0.210399033,0.435934145,0.621671258,0.755216176,0.494261971,0.167320261,0.20694864,0.699084169,0.847887324,0.912841371,0.875815618,0.739403454
0.117301145,0.125901276,0.276686593,0.704302085,0.465672813,0.022501655,0.550905243,0.174917492,0.057490558,0.158193548,0.310618591,0.172459016
0.126227719,0.089085072,0.241610738,0.578588808,0.523725055,0.550937245,0.63387058,0.808567329,0.788868445,0.278619529,0.243498818,0.276367188
0.150012522,0.088463106,0.226546906,0.611097591,0.527802295,0.540305912,0.621167161,0.785013567,0.723851417,0.224143778,0.222914072,0.148679944
0.689158453,0.234042553,0.196018377,0.257291667,0.15834039,0.122861586,0.52238806,0.82175991,0.880089772,0.838619922,0.711930165,0.459192825
0.22682743,0.189111748,0.298701299,0.543462201,0.843029406,0.303301238,0.665236052,0.700198107,0.711183496,0.509746013,0.478813559,0.283323716
0.076497696,0.207366985,0.569223681,0.725840583,1,0.356978654,0.581435697,0.424909629,0.715430862,0.912578055,0.893939394,0.806134969
0.076599327,0.517241379,0.40911472,0.614371257,1,0.341905704,0.67276761,0.632255206,0.138211382,0.303921569,0.375951294,0.322968198
0.088942308,0.283682008,0.590078918,0.773341651,1,0.352148009,0.619703006,0.29470405,0.712871287,0.91369606,0.897744361,0.804867725
0.079667063,0.49026764,0.418390805,0.625414889,0.981681932,0.344692005,0.648264087,0.620300752,0.281853282,0.547531319,0.572477064,0.4418467
0.225258045,0.164844775,0.193977591,0.131506849,0.283753873,0.246189024,0.634202103,0.914128807,0.999485199,0.919654894,0.870037702,0.651808242
0.245929734,0.204401185,0.59144209,0.719943423,0.950035689,0.199725463,0.172482552,0.424892704,0.933167082,0.877602524,0.851335097,0.728268469
0.174409749,0.089574156,0.409768638,0.602471679,0.360485269,0.478802023,0.669602578,0.279521674,0.186710342,0.62557846,0.933572711,0.793798039
0.124839125,0.095548317,0.392523364,0.628841036,0.453769559,0.067349552,0.591836735,0.42680776,0.712820513,0.88847185,0.899104608,0.766911165
0.161651505,0.274931129,0.581613109,0.670434783,0.428685897,0.080010562,0.217853348,0.231815803,0.460350154,0.821652252,0.829357404,0.696428571
0.1414791,0.125531915,0.159142212,0.327632282,0.30748422,0.443807845,0.67402734,0.787401575,0.780147245,0.560878244,0.274074074,0.195002716
0.159884652,0.142346635,0.173086299,0.353200883,0.381355932,0.45776679,0.692496925,0.836788708,0.84573991,0.620875566,0.266195524,0.195583596
